{"cameraMode":{"drawMode":0,"name":"Shaded","section":"Shading Mode"},"sceneLighting":true,"audioPlay":false,"sceneViewState":{"m_AlwaysRefresh":false,"showFog":true,"showSkybox":true,"showFlares":true,"showImageEffects":true,"showParticleSystems":true,"showVisualEffectGraphs":true,"m_FxEnabled":true},"in2DMode":false,"pivot":{"x":25.774215698242189,"y":5.3712005615234379,"z":68.01145935058594},"rotation":{"x":0.014594468288123608,"y":-0.3023485839366913,"z":0.004623419139534235,"w":0.9530837535858154},"size":1.8539575338363648,"orthographic":false}